{"cameraMode":{"drawMode":0,"name":"Shaded","section":"Shading Mode"},"sceneLighting":true,"audioPlay":false,"sceneViewState":{"m_AlwaysRefresh":false,"showFog":true,"showSkybox":true,"showFlares":true,"showImageEffects":true,"showParticleSystems":true,"showVisualEffectGraphs":true,"m_FxEnabled":true},"in2DMode":false,"pivot":{"x":-41.8351936340332,"y":0.159942626953125,"z":31.261917114257814},"rotation":{"x":-0.049295853823423389,"y":0.35710176825523379,"z":-0.018877023831009866,"w":-0.9326014518737793},"size":39.40184783935547,"orthographic":false}