{"cameraMode":{"drawMode":0,"name":"Shaded","section":"Shading Mode"},"sceneLighting":true,"audioPlay":false,"sceneViewState":{"m_AlwaysRefresh":false,"showFog":true,"showSkybox":true,"showFlares":true,"showImageEffects":true,"showParticleSystems":true,"showVisualEffectGraphs":true,"m_FxEnabled":true},"in2DMode":false,"pivot":{"x":-56.625892639160159,"y":2.788571357727051,"z":19.853164672851564},"rotation":{"x":-0.033703990280628207,"y":0.4791598916053772,"z":-0.018403591588139535,"w":-0.876915454864502},"size":39.40184783935547,"orthographic":false}